timestamp,type,count
1621563968,FN,696
1621563968,TP,54
1621563968,FP,62
1621563968,TN,842
1621563969,FP,143
1621563969,TP,136
1621563969,TN,1847
1621563969,FN,1556
1621563970,FN,2172
1621563970,TP,143
1621563970,FP,176
1621563970,TN,2557
1621563971,TN,1765
1621563971,FN,1540
1621563971,FP,112
1621563971,TP,141
1621563972,FP,120
1621563972,TP,111
1621563972,FN,1425
1621563972,TN,1773
1621563973,FN,1473
1621563973,TN,1649
1621563973,TP,120
1621563973,FP,124
1621563974,TN,1701
1621563974,FN,1452
1621563974,TP,119
1621563974,FP,106
1621563975,TN,1748
1621563975,FN,1517
1621563975,TP,118
1621563975,FP,107
1621563976,TN,1738
1621563976,FN,1578
1621563976,TP,122
1621563976,FP,104
1621563977,TN,1760
1621563977,FP,119
1621563977,TP,105
1621563977,FN,1537
1621563978,TN,1713
1621563978,FP,129
1621563978,TP,122
1621563978,FN,1412
1621563979,FN,1401
1621563979,TN,1747
1621563979,TP,116
1621563979,FP,132
1621563980,FN,1464
1621563980,TN,1740
1621563980,TP,126
1621563980,FP,116
1621563981,TP,108
1621563981,FP,142
1621563981,FN,1474
1621563981,TN,1766
1621563982,TN,1797
1621563982,FP,120
1621563982,TP,112
1621563982,FN,1474
1621563983,TN,1719
1621563983,FP,118
1621563983,TP,109
1621563983,FN,1471
1621563984,TN,1819
1621563984,TP,120
1621563984,FP,146
1621563984,FN,1519
1621563985,TN,1754
1621563985,TP,141
1621563985,FP,129
1621563985,FN,1437
1621563986,TN,1764
1621563986,TP,125
1621563986,FP,120
1621563986,FN,1380
1621563987,TP,109
1621563987,FP,120
1621563987,TN,1691
1621563987,FN,1463
1621563988,TN,1718
1621563988,TP,107
1621563988,FP,115
1621563988,FN,1417
1621563989,TP,101
1621563989,FP,116
1621563989,FN,1459
1621563989,TN,1677
1621563990,FN,1461
1621563990,FP,130
1621563990,TP,134
1621563990,TN,1754
1621563991,FN,1448
1621563991,TN,1741
1621563991,FP,131
1621563991,TP,116
1621563992,TN,1762
1621563992,FN,1491
1621563992,FP,120
1621563992,TP,116
1621563993,TP,135
1621563993,FP,110
1621563993,TN,1741
1621563993,FN,1470
1621563994,TP,129
1621563994,FP,132
1621563994,FN,1485
1621563994,TN,1808
1621563995,TP,113
1621563995,FP,151
1621563995,TN,1782
1621563995,FN,1483
1621563996,TN,1696
1621563996,FN,1475
1621563996,FP,136
1621563996,TP,125
1621563997,TP,112
1621563997,FP,116
1621563997,FN,1517
1621563997,TN,1726
1621563998,TN,1709
1621563998,FN,1485
1621563998,FP,109
1621563998,TP,109
1621563999,TP,128
1621563999,FP,113
1621563999,TN,1830
1621563999,FN,1505
1621564000,TN,1785
1621564000,FP,121
1621564000,TP,112
1621564000,FN,1532
1621564001,TN,1771
1621564001,FP,129
1621564001,TP,128
1621564001,FN,1544
1621564002,TN,1770
1621564002,FP,132
1621564002,TP,111
1621564002,FN,1452
1621564003,TN,1717
1621564003,TP,127
1621564003,FP,127
1621564003,FN,1449
1621564004,TN,1688
1621564004,TP,119
1621564004,FP,116
1621564004,FN,1505
1621564005,TP,141
1621564005,FP,123
1621564005,TN,1776
1621564005,FN,1438
1621564006,FP,160
1621564006,TP,114
1621564006,TN,1837
1621564006,FN,1476
1621564007,FP,114
1621564007,TP,124
1621564007,TN,1753
1621564007,FN,1475
1621564008,TP,115
1621564008,FP,125
1621564008,TN,1799
1621564008,FN,1433
1621564009,TN,1718
1621564009,TP,127
1621564009,FP,130
1621564009,FN,1428
1621564010,TP,122
1621564010,FP,131
1621564010,TN,1695
1621564010,FN,1454
1621564011,TN,1766
1621564011,FP,130
1621564011,TP,108
1621564011,FN,1504
1621564012,TP,121
1621564012,FP,118
1621564012,TN,1820
1621564012,FN,1443
1621564013,TP,122
1621564013,FP,123
1621564013,FN,1475
1621564013,TN,1723
1621564014,TN,1786
1621564014,FN,1521
1621564014,FP,124
1621564014,TP,133
1621564015,TN,1808
1621564015,FN,1446
1621564015,FP,133
1621564015,TP,127
1621564016,TN,1738
1621564016,FP,121
1621564016,TP,112
1621564016,FN,1547
1621564017,FN,1409
1621564017,TN,1712
1621564017,FP,128
1621564017,TP,99
1621564018,FP,121
1621564018,TP,124
1621564018,TN,1677
1621564018,FN,1473
1621564019,TN,1749
1621564019,TP,119
1621564019,FP,129
1621564019,FN,1514
1621564020,FN,1446
1621564020,TN,1754
1621564020,FP,118
1621564020,TP,130
1621564021,TN,1778
1621564021,FN,1515
1621564021,TP,138
1621564021,FP,123
1621564022,TN,1650
1621564022,FN,1445
1621564022,FP,152
1621564022,TP,107
1621564023,TN,1751
1621564023,FN,1481
1621564023,FP,150
1621564023,TP,122
1621564024,TN,1716
1621564024,FN,1494
1621564024,FP,126
1621564024,TP,118
1621564025,TN,1816
1621564025,FN,1481
1621564025,TP,123
1621564025,FP,121
1621564026,TN,1694
1621564026,FN,1480
1621564026,TP,136
1621564026,FP,139
1621564027,TN,1689
1621564027,FN,1479
1621564027,TP,115
1621564027,FP,113
1621564028,TN,1798
1621564028,FN,1528
1621564028,FP,119
1621564028,TP,118
1621564029,FN,1521
1621564029,TN,1799
1621564029,TP,149
1621564029,FP,132
1621564030,FN,1452
1621564030,TN,1743
1621564030,TP,139
1621564030,FP,105
1621564031,TN,1851
1621564031,FN,1461
1621564031,FP,111
1621564031,TP,127
1621564032,TN,1721
1621564032,FN,1480
1621564032,TP,116
1621564032,FP,132
1621564033,FN,1496
1621564033,TN,1871
1621564033,FP,159
1621564033,TP,146
1621564034,TN,1749
1621564034,FN,1425
1621564034,TP,124
1621564034,FP,91
1621564035,FN,1485
1621564035,TN,1800
1621564035,TP,112
1621564035,FP,132
1621564036,TN,1839
1621564036,FN,1513
1621564036,FP,122
1621564036,TP,121
1621564037,TN,1858
1621564037,FN,1530
1621564037,FP,122
1621564037,TP,124
1621564038,FN,1520
1621564038,TN,1783
1621564038,TP,125
1621564038,FP,104
1621564039,FN,1570
1621564039,TN,1669
1621564039,FP,141
1621564039,TP,121
1621564040,FN,1470
1621564040,TN,1798
1621564040,FP,132
1621564040,TP,107
1621564041,TN,1799
1621564041,FN,1523
1621564041,FP,131
1621564041,TP,109
1621564042,TN,1768
1621564042,FN,1492
1621564042,FP,134
1621564042,TP,126
1621564043,TN,1816
1621564043,FN,1537
1621564043,TP,101
1621564043,FP,140
1621564044,TN,1755
1621564044,FN,1515
1621564044,FP,125
1621564044,TP,118
1621564045,TN,1886
1621564045,FN,1526
1621564045,FP,108
1621564045,TP,107
1621564046,TN,1749
1621564046,FN,1479
1621564046,TP,134
1621564046,FP,135
1621564047,TN,1776
1621564047,FN,1559
1621564047,FP,104
1621564047,TP,130
1621564048,FN,1520
1621564048,TN,1825
1621564048,TP,144
1621564048,FP,121
1621564049,FN,1512
1621564049,TN,1759
1621564049,FP,126
1621564049,TP,115
1621564050,FN,1489
1621564050,TN,1724
1621564050,TP,121
1621564050,FP,121
1621564051,FN,1506
1621564051,TN,1797
1621564051,TP,133
1621564051,FP,118
1621564052,FN,1469
1621564052,TN,1839
1621564052,TP,142
1621564052,FP,130
1621564053,FN,1553
1621564053,TN,1828
1621564053,TP,128
1621564053,FP,140
1621564054,FN,1549
1621564054,TN,1803
1621564054,TP,118
1621564054,FP,147
1621564055,FN,1518
1621564055,TN,1850
1621564055,FP,127
1621564055,TP,96
1621564056,FN,1468
1621564056,TN,1766
1621564056,FP,139
1621564056,TP,149
1621564057,FN,1468
1621564057,TN,1816
1621564057,TP,139
1621564057,FP,137
1621564058,FN,1464
1621564058,TN,1845
1621564058,FP,142
1621564058,TP,138
1621564059,FN,1536
1621564059,TN,1797
1621564059,FP,128
1621564059,TP,135
1621564060,FN,1472
1621564060,TN,1803
1621564060,FP,123
1621564060,TP,131
1621564061,FN,1557
1621564061,TN,1759
1621564061,TP,116
1621564061,FP,121
1621564062,FN,1477
1621564062,TN,1803
1621564062,TP,137
1621564062,FP,123
1621564063,FN,1529
1621564063,TN,1817
1621564063,TP,107
1621564063,FP,142
1621564064,FP,122
1621564064,TP,131
1621564064,FN,1535
1621564064,TN,1828
1621564065,FP,137
1621564065,TP,130
1621564065,FN,1594
1621564065,TN,1787
1621564066,TP,127
1621564066,FP,123
1621564066,FN,1523
1621564066,TN,1880
1621564067,TP,147
1621564067,FP,141
1621564067,FN,1455
1621564067,TN,1826
1621564068,FP,129
1621564068,TP,119
1621564068,FN,1551
1621564068,TN,1812
1621564069,TP,123
1621564069,FP,134
1621564069,FN,1564
1621564069,TN,1905
1621564070,FP,110
1621564070,TP,146
1621564070,FN,1556
1621564070,TN,1820
1621564071,TP,110
1621564071,FP,149
1621564071,FN,1502
1621564071,TN,1870
1621564072,TP,122
1621564072,FP,140
1621564072,FN,1582
1621564072,TN,1853
1621564073,TN,1889
1621564073,FP,142
1621564073,TP,139
1621564073,FN,1579
1621564074,FN,1610
1621564074,TN,1882
1621564074,TP,115
1621564074,FP,138
1621564075,FN,1523
1621564075,TN,1820
1621564075,TP,114
1621564075,FP,127
1621564076,FN,1506
1621564076,TN,1867
1621564076,FP,148
1621564076,TP,123
1621564077,FN,1593
1621564077,TN,1918
1621564077,TP,126
1621564077,FP,119
1621564078,FN,1590
1621564078,TN,1837
1621564078,TP,113
1621564078,FP,130
1621564079,FN,1525
1621564079,TN,1871
1621564079,FP,119
1621564079,TP,160
1621564080,FN,1590
1621564080,TN,1930
1621564080,FP,132
1621564080,TP,118
1621564081,FN,1583
1621564081,TN,1946
1621564081,TP,132
1621564081,FP,132
1621564082,FN,1595
1621564082,TN,1904
1621564082,TP,146
1621564082,FP,130
1621564083,FN,1561
1621564083,TN,1913
1621564083,TP,135
1621564083,FP,114
1621564084,TN,1878
1621564084,FN,1606
1621564084,TP,139
1621564084,FP,147
1621564085,FN,1589
1621564085,TN,1925
1621564085,FP,130
1621564085,TP,122
1621564086,FN,1587
1621564086,TN,1791
1621564086,FP,126
1621564086,TP,130
1621564087,FN,1592
1621564087,TN,1866
1621564087,FP,141
1621564087,TP,137
1621564088,TN,1857
1621564088,FN,1608
1621564088,TP,135
1621564088,FP,124
1621564089,TN,1899
1621564089,FN,1640
1621564089,FP,139
1621564089,TP,138
1621564090,TN,1665
1621564090,FN,1330
1621564090,TP,141
1621564090,FP,110
1621564091,TN,4059
1621564091,FN,175
1621564091,TP,207
1621564091,FP,26
1621564092,TN,3352
1621564092,FN,153
1621564092,TP,234
1621564092,FP,43
1621564093,TN,3400
1621564093,FN,143
1621564093,TP,218
1621564093,FP,34
1621564094,FN,142
1621564094,TN,3435
1621564094,FP,41
1621564094,TP,270
1621564095,TN,3358
1621564095,FN,165
1621564095,FP,30
1621564095,TP,248
1621564096,TN,3437
1621564096,FN,152
1621564096,TP,225
1621564096,FP,29
1621564097,TN,3393
1621564097,FN,128
1621564097,TP,249
1621564097,FP,40
1621564098,TN,3461
1621564098,FN,163
1621564098,TP,228
1621564098,FP,37
1621564099,FN,145
1621564099,TN,3386
1621564099,FP,47
1621564099,TP,260
1621564100,FN,163
1621564100,TN,3342
1621564100,TP,232
1621564100,FP,29
1621564101,FN,138
1621564101,TN,3424
1621564101,TP,213
1621564101,FP,37
1621564102,FN,150
1621564102,TN,3491
1621564102,TP,249
1621564102,FP,35
1621564103,TN,3438
1621564103,FN,166
1621564103,TP,248
1621564103,FP,35
1621564104,TN,3483
1621564104,FN,138
1621564104,TP,229
1621564104,FP,39
1621564105,TN,3386
1621564105,FN,148
1621564105,TP,249
1621564105,FP,38
1621564106,TN,3486
1621564106,FN,174
1621564106,TP,250
1621564106,FP,41
1621564107,TN,3446
1621564107,FN,173
1621564107,TP,274
1621564107,FP,44
1621564108,FN,158
1621564108,TN,3440
1621564108,TP,228
1621564108,FP,33
1621564109,TN,3466
1621564109,FN,162
1621564109,TP,242
1621564109,FP,50
1621564110,FN,149
1621564110,TN,3417
1621564110,TP,266
1621564110,FP,39
1621564111,TN,3440
1621564111,FN,154
1621564111,FP,28
1621564111,TP,242
1621564112,TN,3526
1621564112,FN,144
1621564112,TP,241
1621564112,FP,31
1621564113,FN,153
1621564113,TN,3469
1621564113,FP,41
1621564113,TP,256
1621564114,FN,165
1621564114,TN,3447
1621564114,TP,242
1621564114,FP,34
1621564115,FN,161
1621564115,TN,3561
1621564115,TP,239
1621564115,FP,30
1621564116,TN,3569
1621564116,FN,166
1621564116,TP,230
1621564116,FP,42
1621564117,FN,153
1621564117,TN,3506
1621564117,TP,239
1621564117,FP,35
1621564118,FN,139
1621564118,TN,3511
1621564118,TP,236
1621564118,FP,30
1621564119,TN,3504
1621564119,FN,159
1621564119,TP,265
1621564119,FP,37
1621564120,TN,3568
1621564120,FN,146
1621564120,TP,241
1621564120,FP,40
1621564121,TN,3459
1621564121,FN,180
1621564121,TP,218
1621564121,FP,29
1621564122,TN,3596
1621564122,FN,167
1621564122,TP,239
1621564122,FP,53
1621564123,TN,3586
1621564123,FN,159
1621564123,TP,246
1621564123,FP,42
1621564124,TN,3523
1621564124,FN,156
1621564124,TP,219
1621564124,FP,42
1621564125,TN,3537
1621564125,FN,172
1621564125,TP,260
1621564125,FP,40
1621564126,FN,165
1621564126,TN,3590
1621564126,TP,257
1621564126,FP,45
1621564127,TN,3507
1621564127,FN,190
1621564127,TP,254
1621564127,FP,44
1621564128,TN,3597
1621564128,FN,146
1621564128,TP,255
1621564128,FP,45
1621564129,TN,3578
1621564129,FN,190
1621564129,TP,267
1621564129,FP,26
1621564130,FN,157
1621564130,TN,3593
1621564130,FP,28
1621564130,TP,278
1621564131,FN,163
1621564131,TN,3560
1621564131,TP,269
1621564131,FP,51
1621564132,FN,167
1621564132,TN,3615
1621564132,FP,30
1621564132,TP,238
1621564133,FN,145
1621564133,TN,3552
1621564133,TP,217
1621564133,FP,33
1621564134,FN,160
1621564134,TN,3717
1621564134,FP,38
1621564134,TP,258
1621564135,FN,170
1621564135,TN,3523
1621564135,TP,259
1621564135,FP,42
1621564136,FN,157
1621564136,TN,3733
1621564136,TP,277
1621564136,FP,35
1621564137,FN,145
1621564137,TN,3613
1621564137,TP,284
1621564137,FP,29
1621564138,FN,169
1621564138,TN,3660
1621564138,FP,39
1621564138,TP,255
1621564139,FN,148
1621564139,TN,3645
1621564139,TP,251
1621564139,FP,45
1621564140,FN,157
1621564140,TN,3653
1621564140,TP,275
1621564140,FP,37
1621564141,FN,195
1621564141,TN,3599
1621564141,TP,263
1621564141,FP,43
1621564142,FN,172
1621564142,TN,3672
1621564142,FP,44
1621564142,TP,236
1621564143,FN,163
1621564143,TN,3702
1621564143,TP,224
1621564143,FP,30
1621564144,FN,157
1621564144,TN,3638
1621564144,TP,249
1621564144,FP,45
1621564145,FN,165
1621564145,TN,3720
1621564145,TP,256
1621564145,FP,51
1621564146,TP,242
1621564146,FP,45
1621564146,FN,151
1621564146,TN,3701
1621564147,TP,275
1621564147,FP,38
1621564147,FN,163
1621564147,TN,3664
1621564148,FP,40
1621564148,TP,272
1621564148,FN,148
1621564148,TN,3607
1621564149,FP,42
1621564149,TP,285
1621564149,FN,150
1621564149,TN,3743
1621564150,FP,39
1621564150,TP,273
1621564150,FN,194
1621564150,TN,3727
1621564151,TP,263
1621564151,FP,42
1621564151,FN,175
1621564151,TN,3656
1621564152,TP,271
1621564152,FP,38
1621564152,FN,166
1621564152,TN,3670
1621564153,TP,230
1621564153,FP,38
1621564153,FN,174
1621564153,TN,3904
1621564154,TP,246
1621564154,FP,34
1621564154,FN,167
1621564154,TN,3742
1621564155,TP,265
1621564155,FP,40
1621564155,FN,155
1621564155,TN,3747
1621564156,TP,273
1621564156,FP,41
1621564156,FN,170
1621564156,TN,3688
1621564157,TP,255
1621564157,FP,48
1621564157,FN,175
1621564157,TN,3773
1621564158,FP,35
1621564158,TP,245
1621564158,FN,174
1621564158,TN,3630
1621564159,FP,41
1621564159,TP,223
1621564159,FN,161
1621564159,TN,3733
1621564160,FP,46
1621564160,TP,235
1621564160,FN,104
1621564160,TN,3799
1621564161,TP,276
1621564161,FP,39
1621564161,FN,114
1621564161,TN,3797
1621564162,TP,223
1621564162,FP,37
1621564162,FN,116
1621564162,TN,3830
1621564163,TP,254
1621564163,FP,54
1621564163,FN,125
1621564163,TN,3823
1621564164,TP,247
1621564164,FP,45
1621564164,FN,125
1621564164,TN,3750
1621564165,TP,252
1621564165,FP,59
1621564165,FN,126
1621564165,TN,3714
1621564166,TP,248
1621564166,FP,50
1621564166,FN,109
1621564166,TN,3800
1621564167,FP,46
1621564167,TP,277
1621564167,FN,115
1621564167,TN,3715
1621564168,TP,237
1621564168,FP,51
1621564168,FN,120
1621564168,TN,3754
1621564169,TP,231
1621564169,FP,46
1621564169,FN,114
1621564169,TN,3758
1621564170,TN,3735
1621564170,TP,271
1621564170,FP,55
1621564170,FN,126
1621564171,TN,3754
1621564171,FP,54
1621564171,TP,238
1621564171,FN,132
1621564172,TN,3788
1621564172,TP,255
1621564172,FP,66
1621564172,FN,128
1621564173,TN,3845
1621564173,TP,242
1621564173,FP,66
1621564173,FN,133
1621564174,TN,3926
1621564174,TP,244
1621564174,FP,68
1621564174,FN,112
1621564175,TN,3822
1621564175,FP,94
1621564175,TP,240
1621564175,FN,122
1621564176,TN,3732
1621564176,TP,202
1621564176,FP,98
1621564176,FN,124
1621564177,TN,3789
1621564177,TP,226
1621564177,FP,95
1621564177,FN,109
1621564178,TN,3732
1621564178,TP,208
1621564178,FP,112
1621564178,FN,125
1621564179,TN,3747
1621564179,FP,107
1621564179,TP,201
1621564179,FN,111
1621564180,FN,111
1621564180,TN,3735
1621564180,FP,131
1621564180,TP,206
1621564181,FN,149
1621564181,TN,3809
1621564181,TP,195
1621564181,FP,120
1621564182,FN,114
1621564182,TN,3787
1621564182,TP,181
1621564182,FP,96
1621564183,FN,109
1621564183,TN,3741
1621564183,TP,192
1621564183,FP,106
1621564184,FN,131
1621564184,TN,3740
1621564184,FP,103
1621564184,TP,198
1621564185,FN,110
1621564185,TN,3724
1621564185,FP,102
1621564185,TP,191
1621564186,FN,122
1621564186,TN,3645
1621564186,FP,108
1621564186,TP,166
1621564187,FN,119
1621564187,TN,3849
1621564187,FP,136
1621564187,TP,176
1621564188,FN,126
1621564188,TN,3819
1621564188,FP,126
1621564188,TP,179
1621564189,FN,132
1621564189,TN,3669
1621564189,TP,167
1621564189,FP,139
1621564190,FN,119
1621564190,TN,3522
1621564190,TP,136
1621564190,FP,149
1621564191,FN,87
1621564191,TN,2850
1621564191,TP,125
1621564191,FP,112
1621564192,FN,138
1621564192,TN,4401
1621564192,FP,193
1621564192,TP,181
1621564193,FN,138
1621564193,TN,3923
1621564193,FP,162
1621564193,TP,147
1621564194,FN,119
1621564194,TN,3711
1621564194,TP,153
1621564194,FP,163
1621564195,FN,112
1621564195,TN,3758
1621564195,TP,143
1621564195,FP,143
1621564196,FN,118
1621564196,TN,3723
1621564196,TP,140
1621564196,FP,177
1621564197,FN,124
1621564197,TN,3763
1621564197,TP,131
1621564197,FP,183
1621564198,FN,107
1621564198,TN,3701
1621564198,FP,167
1621564198,TP,124
1621564199,FN,130
1621564199,TN,3680
1621564199,FP,170
1621564199,TP,118
1621564200,FN,126
1621564200,TN,3704
1621564200,FP,175
1621564200,TP,90
1621564201,FN,131
1621564201,TN,3612
1621564201,TP,100
1621564201,FP,180
1621564202,FN,121
1621564202,TN,3639
1621564202,FP,195
1621564202,TP,113
1621564203,FN,135
1621564203,TN,3783
1621564203,FP,184
1621564203,TP,121
1621564204,FN,113
1621564204,TN,3706
1621564204,TP,92
1621564204,FP,194
1621564205,FN,121
1621564205,TN,3687
1621564205,FP,182
1621564205,TP,86
1621564206,FN,122
1621564206,TN,3502
1621564206,FP,205
1621564206,TP,91
1621564207,FN,111
1621564207,TN,3630
1621564207,TP,75
1621564207,FP,195
1621564208,FN,111
1621564208,TN,3634
1621564208,FP,235
1621564208,TP,83
1621564209,FN,102
1621564209,TN,3600
1621564209,FP,215
1621564209,TP,77
1621564210,FN,114
1621564210,TN,3634
1621564210,FP,196
1621564210,TP,82
1621564211,FN,139
1621564211,TN,3649
1621564211,FP,246
1621564211,TP,75
1621564212,FN,110
1621564212,TN,3561
1621564212,FP,229
1621564212,TP,68
1621564213,FN,116
1621564213,TN,3580
1621564213,FP,244
1621564213,TP,67
1621564214,FN,88
1621564214,TN,3565
1621564214,TP,60
1621564214,FP,247
1621564215,FN,121
1621564215,TN,3569
1621564215,FP,219
1621564215,TP,49
1621564216,FN,114
1621564216,TN,3633
1621564216,FP,250
1621564216,TP,52
1621564217,FN,101
1621564217,TN,3685
1621564217,TP,45
1621564217,FP,229
1621564218,FN,110
1621564218,TN,3598
1621564218,FP,255
1621564218,TP,36
1621564219,FN,115
1621564219,TN,3564
1621564219,FP,255
1621564219,TP,40
1621564220,FN,109
1621564220,TN,3557
1621564220,FP,230
1621564220,TP,38
1621564221,FN,123
1621564221,TN,3544
1621564221,FP,228
1621564221,TP,37
1621564222,FN,123
1621564222,TN,3692
1621564222,TP,39
1621564222,FP,261
1621564223,FN,127
1621564223,TN,3620
1621564223,FP,232
1621564223,TP,37
1621564224,FN,100
1621564224,TN,3627
1621564224,FP,266
1621564224,TP,41
1621564225,FN,113
1621564225,TN,3486
1621564225,FP,244
1621564225,TP,43
1621564226,FN,117
1621564226,TN,3595
1621564226,FP,228
1621564226,TP,42
1621564227,FN,110
1621564227,TN,3493
1621564227,FP,235
1621564227,TP,43
1621564228,FN,105
1621564228,TN,3504
1621564228,TP,37
1621564228,FP,246
1621564229,FN,122
1621564229,TN,3484
1621564229,FP,238
1621564229,TP,31
1621564230,FN,111
1621564230,TN,3429
1621564230,FP,259
1621564230,TP,34
1621564231,FN,106
1621564231,TN,3485
1621564231,FP,246
1621564231,TP,41
1621564232,FN,114
1621564232,TN,3498
1621564232,FP,238
1621564232,TP,38
1621564233,FN,102
1621564233,TN,3506
1621564233,FP,252
1621564233,TP,26
1621564234,FN,103
1621564234,TN,3512
1621564234,TP,30
1621564234,FP,239
1621564235,FN,118
1621564235,TN,3554
1621564235,FP,256
1621564235,TP,44
1621564236,FN,121
1621564236,TN,3494
1621564236,FP,251
1621564236,TP,30
1621564237,FN,108
1621564237,TN,3494
1621564237,FP,270
1621564237,TP,35
1621564238,FN,106
1621564238,TN,3491
1621564238,FP,225
1621564238,TP,37
1621564239,FN,99
1621564239,TN,3297
1621564239,FP,250
1621564239,TP,32
1621564240,FN,103
1621564240,TN,3409
1621564240,FP,215
1621564240,TP,41
1621564241,FN,106
1621564241,TN,3393
1621564241,FP,238
1621564241,TP,42
1621564242,FN,115
1621564242,TN,3478
1621564242,FP,224
1621564242,TP,32
1621564243,FN,96
1621564243,TN,3407
1621564243,FP,248
1621564243,TP,30
1621564244,FN,125
1621564244,TN,3387
1621564244,FP,242
1621564244,TP,34
1621564245,FN,98
1621564245,TN,3388
1621564245,FP,240
1621564245,TP,41
1621564246,FN,97
1621564246,TN,3433
1621564246,FP,248
1621564246,TP,35
1621564247,FN,88
1621564247,TN,3478
1621564247,FP,243
1621564247,TP,38
1621564248,FN,99
1621564248,TN,3393
1621564248,FP,220
1621564248,TP,33
1621564249,FN,113
1621564249,TN,3373
1621564249,FP,223
1621564249,TP,48
1621564250,FN,108
1621564250,TN,3308
1621564250,FP,211
1621564250,TP,40
1621564251,FN,107
1621564251,TN,3377
1621564251,FP,241
1621564251,TP,37
1621564252,FN,114
1621564252,TN,3431
1621564252,FP,228
1621564252,TP,39
1621564253,FN,102
1621564253,TN,3406
1621564253,FP,228
1621564253,TP,39
1621564254,FN,116
1621564254,TN,3368
1621564254,FP,271
1621564254,TP,37
1621564255,FN,97
1621564255,TN,3416
1621564255,FP,208
1621564255,TP,18
1621564256,FN,100
1621564256,TN,3336
1621564256,FP,261
1621564256,TP,34
1621564257,FN,106
1621564257,TN,3285
1621564257,FP,226
1621564257,TP,38
1621564258,FN,121
1621564258,TN,3340
1621564258,FP,251
1621564258,TP,35
1621564259,FN,111
1621564259,TN,3339
1621564259,FP,226
1621564259,TP,41
1621564260,FN,114
1621564260,TN,3319
1621564260,FP,209
1621564260,TP,32
1621564261,FN,92
1621564261,TN,3311
1621564261,FP,242
1621564261,TP,40
1621564262,FP,190
1621564262,TP,35
1621564262,FN,108
1621564262,TN,3320
1621564263,FP,242
1621564263,TP,42
1621564263,FN,93
1621564263,TN,3163
1621564264,FP,233
1621564264,TP,41
1621564264,FN,98
1621564264,TN,3252
1621564265,FP,204
1621564265,TP,29
1621564265,FN,102
1621564265,TN,3255
1621564266,FP,224
1621564266,TP,35
1621564266,FN,106
1621564266,TN,3266
1621564267,FP,222
1621564267,TP,38
1621564267,FN,107
1621564267,TN,3350
1621564268,FP,200
1621564268,TP,32
1621564268,FN,92
1621564268,TN,3247
1621564269,FP,212
1621564269,TP,35
1621564269,FN,114
1621564269,TN,3251
1621564270,TN,3259
1621564270,TP,43
1621564270,FP,241
1621564270,FN,104
1621564271,TN,3390
1621564271,FP,247
1621564271,TP,34
1621564271,FN,113
1621564272,TN,3281
1621564272,FP,211
1621564272,TP,46
1621564272,FN,105
1621564273,TN,3258
1621564273,TP,25
1621564273,FP,210
1621564273,FN,97
1621564274,TN,3268
1621564274,TP,47
1621564274,FP,228
1621564274,FN,96
1621564275,TN,3243
1621564275,FP,213
1621564275,TP,37
1621564275,FN,105
1621564276,TN,3192
1621564276,FP,229
1621564276,TP,33
1621564276,FN,96
1621564277,TN,3320
1621564277,TP,41
1621564277,FP,235
1621564277,FN,109
1621564278,TN,3259
1621564278,FP,200
1621564278,TP,45
1621564278,FN,110
1621564279,TN,3249
1621564279,TP,40
1621564279,FP,224
1621564279,FN,99
1621564280,TN,3236
1621564280,FP,241
1621564280,TP,38
1621564280,FN,91
1621564281,TN,3289
1621564281,FP,227
1621564281,TP,27
1621564281,FN,96
1621564282,TN,3346
1621564282,FP,217
1621564282,TP,37
1621564282,FN,95
1621564283,TN,3263
1621564283,FP,215
1621564283,TP,32
1621564283,FN,99
1621564284,TN,3079
1621564284,FP,238
1621564284,TP,34
1621564284,FN,104
1621564285,TN,3297
1621564285,FP,192
1621564285,TP,38
1621564285,FN,85
1621564286,TN,3176
1621564286,FP,232
1621564286,TP,31
1621564286,FN,107
1621564287,TN,3240
1621564287,FP,215
1621564287,TP,36
1621564287,FN,101
1621564288,TN,3157
1621564288,FP,222
1621564288,TP,45
1621564288,FN,99
1621564289,TN,3245
1621564289,FP,206
1621564289,TP,43
1621564289,FN,97
1621564290,TN,3286
1621564290,FP,254
1621564290,TP,34
1621564290,FN,115
1621564291,TN,3244
1621564291,FP,222
1621564291,TP,38
1621564291,FN,96
1621564292,TN,3198
1621564292,FP,224
1621564292,TP,43
1621564292,FN,104
1621564293,FN,117
1621564293,TN,3158
1621564293,FP,212
1621564293,TP,49
1621564294,FN,90
1621564294,TN,3167
1621564294,FP,201
1621564294,TP,28
1621564295,FN,105
1621564295,TN,3301
1621564295,FP,215
1621564295,TP,40
1621564296,FN,106
1621564296,TN,3176
1621564296,FP,204
1621564296,TP,48
1621564297,FN,94
1621564297,TN,3124
1621564297,FP,195
1621564297,TP,37
1621564298,FN,82
1621564298,TN,3204
1621564298,FP,211
1621564298,TP,31
1621564299,FN,104
1621564299,TN,3200
1621564299,FP,226
1621564299,TP,37
1621564300,FN,109
1621564300,TN,3042
1621564300,FP,213
1621564300,TP,30
1621564301,FN,106
1621564301,TN,3234
1621564301,FP,202
1621564301,TP,35
1621564302,FN,117
1621564302,TN,3177
1621564302,FP,213
1621564302,TP,31
1621564303,FN,89
1621564303,TN,3257
1621564303,TP,30
1621564303,FP,230
1621564304,FN,105
1621564304,TN,3195
1621564304,FP,243
1621564304,TP,35
1621564305,FN,85
1621564305,TN,3111
1621564305,FP,223
1621564305,TP,30
1621564306,FN,118
1621564306,TN,3178
1621564306,FP,195
1621564306,TP,31
1621564307,FN,88
1621564307,TN,3235
1621564307,FP,208
1621564307,TP,49
1621564308,FN,89
1621564308,TN,3223
1621564308,FP,195
1621564308,TP,26
1621564309,FN,107
1621564309,TN,3165
1621564309,FP,204
1621564309,TP,35
1621564310,FN,118
1621564310,TN,3130
1621564310,FP,215
1621564310,TP,39
1621564311,FN,85
1621564311,TN,3144
1621564311,FP,233
1621564311,TP,29
1621564312,FN,87
1621564312,TN,3134
1621564312,FP,213
1621564312,TP,43
1621564313,FN,102
1621564313,TN,3169
1621564313,TP,28
1621564313,FP,206
1621564314,FN,125
1621564314,TN,3116
1621564314,FP,212
1621564314,TP,25
1621564315,FN,90
1621564315,TN,3070
1621564315,FP,208
1621564315,TP,38
1621564316,FN,118
1621564316,TN,3148
1621564316,FP,228
1621564316,TP,36
1621564317,FN,123
1621564317,TN,3149
1621564317,FP,227
1621564317,TP,26
1621564318,FN,99
1621564318,TN,3071
1621564318,TP,37
1621564318,FP,224
1621564319,FN,114
1621564319,TN,3168
1621564319,TP,30
1621564319,FP,216
1621564320,FN,96
1621564320,TN,3150
1621564320,FP,215
1621564320,TP,34
1621564321,FN,92
1621564321,TN,3069
1621564321,FP,190
1621564321,TP,32
1621564322,FN,105
1621564322,TN,3152
1621564322,FP,214
1621564322,TP,35
1621564323,FN,99
1621564323,TN,3198
1621564323,FP,235
1621564323,TP,33
1621564324,FN,100
1621564324,TN,3078
1621564324,FP,245
1621564324,TP,39
1621564325,FN,92
1621564325,TN,3088
1621564325,FP,220
1621564325,TP,36
1621564326,FN,111
1621564326,TN,3161
1621564326,FP,208
1621564326,TP,37
1621564327,FN,100
1621564327,TN,2987
1621564327,FP,212
1621564327,TP,22
1621564328,FN,90
1621564328,TN,3189
1621564328,FP,219
1621564328,TP,28
1621564329,FN,115
1621564329,TN,3179
1621564329,FP,222
1621564329,TP,40
1621564330,FN,98
1621564330,TN,3142
1621564330,FP,240
1621564330,TP,27
1621564331,FN,95
1621564331,TN,2988
1621564331,FP,207
1621564331,TP,43
1621564332,FN,89
1621564332,TN,3189
1621564332,FP,198
1621564332,TP,35
1621564333,FN,90
1621564333,TN,3026
1621564333,FP,214
1621564333,TP,35
1621564334,FN,104
1621564334,TN,3075
1621564334,FP,216
1621564334,TP,36
1621564335,FN,98
1621564335,TN,3045
1621564335,FP,202
1621564335,TP,44
1621564336,FN,112
1621564336,TN,3081
1621564336,FP,224
1621564336,TP,38
1621564337,FN,110
1621564337,TN,3055
1621564337,FP,224
1621564337,TP,44
1621564338,FN,88
1621564338,TN,3215
1621564338,TP,43
1621564338,FP,189
1621564339,FN,99
1621564339,TN,3145
1621564339,FP,197
1621564339,TP,40
1621564340,FN,94
1621564340,TN,3144
1621564340,TP,34
1621564340,FP,213
1621564341,FN,104
1621564341,TN,3087
1621564341,FP,216
1621564341,TP,34
1621564342,FN,96
1621564342,TN,3117
1621564342,FP,195
1621564342,TP,41
1621564343,FN,105
1621564343,TN,3151
1621564343,FP,217
1621564343,TP,27
1621564344,FN,108
1621564344,TN,3132
1621564344,FP,205
1621564344,TP,38
1621564345,FN,113
1621564345,TN,3170
1621564345,FP,219
1621564345,TP,34
1621564346,FN,87
1621564346,TN,3212
1621564346,FP,194
1621564346,TP,38
1621564347,FN,76
1621564347,TN,3090
1621564347,FP,208
1621564347,TP,42
1621564348,FN,90
1621564348,TN,3158
1621564348,FP,211
1621564348,TP,37
1621564349,FN,106
1621564349,TN,3097
1621564349,FP,216
1621564349,TP,31
1621564350,FN,101
1621564350,TN,3212
1621564350,FP,211
1621564350,TP,37
1621564351,FN,98
1621564351,TN,3080
1621564351,FP,204
1621564351,TP,30
1621564352,FN,113
1621564352,TN,3007
1621564352,FP,216
1621564352,TP,35
1621564353,FN,92
1621564353,TN,2991
1621564353,FP,221
1621564353,TP,44
1621564354,FN,127
1621564354,TN,3131
1621564354,FP,228
1621564354,TP,45
1621564355,FN,99
1621564355,TN,3107
1621564355,TP,35
1621564355,FP,229
1621564356,FN,92
1621564356,TN,3102
1621564356,FP,201
1621564356,TP,37
1621564357,FN,99
1621564357,TN,3200
1621564357,FP,201
1621564357,TP,30
1621564358,FN,86
1621564358,TN,3088
1621564358,FP,213
1621564358,TP,39
1621564359,FN,96
1621564359,TN,3161
1621564359,FP,212
1621564359,TP,29
1621564360,FN,109
1621564360,TN,3269
1621564360,FP,233
1621564360,TP,31
1621564361,FN,96
1621564361,TN,3085
1621564361,FP,211
1621564361,TP,42
1621564362,FN,93
1621564362,TN,3080
1621564362,FP,224
1621564362,TP,22
1621564363,FN,91
1621564363,TN,3121
1621564363,FP,190
1621564363,TP,37
1621564364,FN,115
1621564364,TN,3001
1621564364,FP,200
1621564364,TP,43
1621564365,FN,109
1621564365,TN,3080
1621564365,FP,198
1621564365,TP,27
1621564366,FN,103
1621564366,TN,3010
1621564366,FP,212
1621564366,TP,27
1621564367,FN,97
1621564367,TN,3104
1621564367,FP,215
1621564367,TP,35
1621564368,FN,102
1621564368,TN,3070
1621564368,FP,227
1621564368,TP,30
1621564369,FN,101
1621564369,TN,3154
1621564369,FP,201
1621564369,TP,35
1621564370,FN,120
1621564370,TN,3129
1621564370,FP,220
1621564370,TP,40
1621564371,FN,114
1621564371,TN,3176
1621564371,FP,195
1621564371,TP,33
1621564372,FN,95
1621564372,TN,3087
1621564372,FP,211
1621564372,TP,32
1621564373,FN,116
1621564373,TN,3091
1621564373,FP,207
1621564373,TP,30
1621564374,FN,98
1621564374,TN,3038
1621564374,FP,200
1621564374,TP,40
1621564375,FN,106
1621564375,TN,3009
1621564375,FP,211
1621564375,TP,45
1621564376,FN,114
1621564376,TN,3163
1621564376,FP,203
1621564376,TP,32
1621564377,FP,221
1621564377,TP,26
1621564377,FN,103
1621564377,TN,3128
1621564378,FP,218
1621564378,TP,39
1621564378,FN,89
1621564378,TN,3195
1621564379,TP,32
1621564379,FP,219
1621564379,FN,95
1621564379,TN,3080
1621564380,TP,43
1621564380,FP,231
1621564380,FN,90
1621564380,TN,3168
1621564381,FP,221
1621564381,TP,36
1621564381,FN,107
1621564381,TN,3147
1621564382,FP,244
1621564382,TP,42
1621564382,FN,103
1621564382,TN,3111
1621564383,TN,3161
1621564383,FP,218
1621564383,TP,52
1621564383,FN,89
1621564384,TN,3122
1621564384,FP,255
1621564384,TP,41
1621564384,FN,97
1621564385,TN,3168
1621564385,FP,196
1621564385,TP,35
1621564385,FN,90
1621564386,TN,3076
1621564386,FP,215
1621564386,TP,34
1621564386,FN,103
1621564387,TN,3074
1621564387,TP,33
1621564387,FP,200
1621564387,FN,91
1621564388,TN,3156
1621564388,FP,225
1621564388,TP,41
1621564388,FN,110
1621564389,TN,3032
1621564389,FP,203
1621564389,TP,31
1621564389,FN,100
1621564390,TN,3086
1621564390,FP,207
1621564390,TP,28
1621564390,FN,92
1621564391,TN,3107
1621564391,FP,208
1621564391,TP,40
1621564391,FN,95
1621564392,TN,3080
1621564392,FP,224
1621564392,TP,36
1621564392,FN,109
1621564393,TN,3102
1621564393,FP,217
1621564393,TP,36
1621564393,FN,96
1621564394,TN,3095
1621564394,FP,207
1621564394,TP,30
1621564394,FN,100
1621564395,TN,3125
1621564395,FP,226
1621564395,TP,35
1621564395,FN,89
1621564396,TN,3127
1621564396,FP,214
1621564396,TP,44
1621564396,FN,89
1621564397,TN,3090
1621564397,FP,188
1621564397,TP,45
1621564397,FN,102
1621564398,TN,3186
1621564398,FP,213
1621564398,TP,31
1621564398,FN,118
1621564399,TN,3107
1621564399,TP,34
1621564399,FP,192
1621564399,FN,103
1621564400,TN,3099
1621564400,FP,212
1621564400,TP,49
1621564400,FN,101
1621564401,FN,84
1621564401,TN,3177
1621564401,FP,198
1621564401,TP,45
1621564402,FN,104
1621564402,TN,3071
1621564402,FP,198
1621564402,TP,30
1621564403,FN,113
1621564403,TN,3177
1621564403,TP,42
1621564403,FP,219
1621564404,FN,88
1621564404,TN,3224
1621564404,FP,195
1621564404,TP,39
1621564405,FN,90
1621564405,TN,3101
1621564405,FP,241
1621564405,TP,29
1621564406,FN,92
1621564406,TN,3200
1621564406,FP,200
1621564406,TP,29
1621564407,FN,109
1621564407,TN,3130
1621564407,FP,187
1621564407,TP,41
1621564408,FN,120
1621564408,TN,3158
1621564408,FP,223
1621564408,TP,34
1621564409,FN,107
1621564409,TN,3045
1621564409,FP,221
1621564409,TP,42
1621564410,FN,92
1621564410,TN,3016
1621564410,TP,33
1621564410,FP,243
1621564411,FN,80
1621564411,TN,3053
1621564411,FP,234
1621564411,TP,34
1621564412,FN,112
1621564412,TN,3060
1621564412,FP,241
1621564412,TP,31
1621564413,FN,100
1621564413,TN,3141
1621564413,FP,243
1621564413,TP,35
1621564414,FN,100
1621564414,TN,3102
1621564414,FP,208
1621564414,TP,45
1621564415,FN,95
1621564415,TN,3038
1621564415,FP,192
1621564415,TP,36
1621564416,FN,107
1621564416,TN,3161
1621564416,FP,225
1621564416,TP,37
1621564417,FN,101
1621564417,TN,3233
1621564417,FP,238
1621564417,TP,39
1621564418,FN,100
1621564418,TN,2997
1621564418,FP,214
1621564418,TP,24
1621564419,FN,114
1621564419,TN,3198
1621564419,FP,197
1621564419,TP,39
1621564420,FN,109
1621564420,TN,3175
1621564420,FP,242
1621564420,TP,35
1621564421,FN,110
1621564421,TN,3097
1621564421,FP,225
1621564421,TP,27
1621564422,FN,86
1621564422,TN,3092
1621564422,FP,230
1621564422,TP,27
1621564423,FN,89
1621564423,TN,3150
1621564423,FP,217
1621564423,TP,27
1621564424,FN,117
1621564424,TN,3106
1621564424,FP,226
1621564424,TP,29
1621564425,FN,109
1621564425,TN,3222
1621564425,FP,219
1621564425,TP,37
1621564426,FN,102
1621564426,TN,3167
1621564426,FP,171
1621564426,TP,31
1621564427,FN,92
1621564427,TN,3148
1621564427,FP,219
1621564427,TP,33
1621564428,FN,101
1621564428,TN,3134
1621564428,FP,212
1621564428,TP,28
1621564429,FN,95
1621564429,TN,3056
1621564429,FP,218
1621564429,TP,33
1621564430,FN,120
1621564430,TN,3093
1621564430,FP,235
1621564430,TP,34
1621564431,FN,106
1621564431,TN,3144
1621564431,FP,216
1621564431,TP,34
1621564432,FN,108
1621564432,TN,3111
1621564432,FP,194
1621564432,TP,41
1621564433,FN,95
1621564433,TN,3172
1621564433,FP,227
1621564433,TP,38
1621564434,FN,112
1621564434,TN,3084
1621564434,FP,231
1621564434,TP,42
1621564435,FN,85
1621564435,TN,3165
1621564435,FP,201
1621564435,TP,42
1621564436,FN,98
1621564436,TN,3154
1621564436,TP,43
1621564436,FP,201
1621564437,FN,90
1621564437,TN,3139
1621564437,FP,211
1621564437,TP,34
1621564438,FN,97
1621564438,TN,3123
1621564438,FP,223
1621564438,TP,46
1621564439,FN,101
1621564439,TN,3160
1621564439,FP,213
1621564439,TP,27
1621564440,FN,98
1621564440,TN,3118
1621564440,FP,206
1621564440,TP,35
1621564441,FN,119
1621564441,TN,3058
1621564441,FP,187
1621564441,TP,23
1621564442,FN,107
1621564442,TN,3222
1621564442,FP,217
1621564442,TP,37
1621564443,FN,90
1621564443,TN,3069
1621564443,FP,209
1621564443,TP,23
1621564444,FN,102
1621564444,TN,3151
1621564444,FP,221
1621564444,TP,32
1621564445,FN,111
1621564445,TN,3178
1621564445,FP,230
1621564445,TP,32
1621564446,FN,83
1621564446,TN,3059
1621564446,FP,227
1621564446,TP,23
1621564447,FN,111
1621564447,TN,3158
1621564447,FP,205
1621564447,TP,30
1621564448,FN,104
1621564448,TN,3207
1621564448,FP,230
1621564448,TP,32
1621564449,FN,82
1621564449,TN,3075
1621564449,FP,202
1621564449,TP,38
1621564450,FN,113
1621564450,TN,3094
1621564450,FP,227
1621564450,TP,37
1621564451,FN,107
1621564451,TN,3078
1621564451,FP,200
1621564451,TP,34
1621564452,FN,86
1621564452,TN,3220
1621564452,TP,38
1621564452,FP,219
1621564453,FN,98
1621564453,TN,3192
1621564453,FP,206
1621564453,TP,27
1621564454,FN,87
1621564454,TN,3173
1621564454,FP,212
1621564454,TP,28
1621564455,FN,105
1621564455,TN,3021
1621564455,FP,232
1621564455,TP,35
1621564456,FN,96
1621564456,TN,3056
1621564456,FP,208
1621564456,TP,29
1621564457,FN,130
1621564457,TN,3036
1621564457,FP,192
1621564457,TP,30
1621564458,FN,89
1621564458,TN,3086
1621564458,FP,226
1621564458,TP,36
1621564459,FN,108
1621564459,TN,3222
1621564459,FP,217
1621564459,TP,45
1621564460,FN,105
1621564460,TN,3059
1621564460,FP,210
1621564460,TP,29
1621564461,FN,110
1621564461,TN,3218
1621564461,FP,209
1621564461,TP,38
1621564462,FN,94
1621564462,TN,3150
1621564462,FP,194
1621564462,TP,37
1621564463,FN,89
1621564463,TN,3080
1621564463,TP,36
1621564463,FP,236
1621564464,FN,111
1621564464,TN,3116
1621564464,FP,222
1621564464,TP,40
1621564465,FN,107
1621564465,TN,3132
1621564465,FP,211
1621564465,TP,38
1621564466,FN,113
1621564466,TN,3101
1621564466,FP,230
1621564466,TP,29
1621564467,FN,103
1621564467,TN,3118
1621564467,FP,215
1621564467,TP,34
1621564468,FN,94
1621564468,TN,3081
1621564468,TP,43
1621564468,FP,211
1621564469,FN,82
1621564469,TN,3104
1621564469,FP,215
1621564469,TP,40
1621564470,FN,90
1621564470,TN,3153
1621564470,FP,212
1621564470,TP,23
1621564471,FN,102
1621564471,TN,3101
1621564471,FP,218
1621564471,TP,29
1621564472,FN,96
1621564472,TN,3067
1621564472,FP,233
1621564472,TP,40
1621564473,FN,109
1621564473,TN,3064
1621564473,FP,216
1621564473,TP,38
1621564474,FN,85
1621564474,TN,3072
1621564474,FP,214
1621564474,TP,37
1621564475,FN,92
1621564475,TN,3100
1621564475,FP,176
1621564475,TP,32
1621564476,FN,89
1621564476,TN,3090
1621564476,TP,24
1621564476,FP,239
1621564477,FN,109
1621564477,TN,3160
1621564477,FP,214
1621564477,TP,34
1621564478,FN,115
1621564478,TN,3141
1621564478,FP,194
1621564478,TP,32
1621564479,FN,97
1621564479,TN,3143
1621564479,FP,221
1621564479,TP,35
1621564480,FN,100
1621564480,TN,3124
1621564480,FP,226
1621564480,TP,26
1621564481,FN,94
1621564481,TN,3128
1621564481,TP,25
1621564481,FP,211
1621564482,FN,86
1621564482,TN,3096
1621564482,TP,46
1621564482,FP,203
1621564483,FN,94
1621564483,TN,3118
1621564483,TP,41
1621564483,FP,223
1621564484,FN,100
1621564484,TN,3063
1621564484,FP,222
1621564484,TP,39
1621564485,FN,114
1621564485,TN,3054
1621564485,FP,185
1621564485,TP,34
1621564486,FN,97
1621564486,TN,3181
1621564486,FP,218
1621564486,TP,30
1621564487,FN,98
1621564487,TN,3121
1621564487,FP,209
1621564487,TP,27
1621564488,FN,91
1621564488,TN,3104
1621564488,FP,215
1621564488,TP,32
1621564489,FP,207
1621564489,TP,38
1621564489,FN,109
1621564489,TN,3007
1621564490,FP,241
1621564490,TP,31
1621564490,FN,103
1621564490,TN,3245
1621564491,FP,213
1621564491,TP,35
1621564491,FN,94
1621564491,TN,3147
1621564492,FP,207
1621564492,TP,30
1621564492,FN,108
1621564492,TN,3167
1621564493,FP,189
1621564493,TP,33
1621564493,FN,112
1621564493,TN,3159
1621564494,TP,41
1621564494,FP,221
1621564494,FN,103
1621564494,TN,3164
1621564495,FP,207
1621564495,TP,35
1621564495,FN,91
1621564495,TN,3097
1621564496,FP,222
1621564496,TP,34
1621564496,FN,91
1621564496,TN,3075
1621564497,FP,196
1621564497,TP,38
1621564497,FN,97
1621564497,TN,3092
1621564498,TP,38
1621564498,FP,210
1621564498,FN,94
1621564498,TN,3034
1621564499,FP,190
1621564499,TP,31
1621564499,FN,115
1621564499,TN,3133
1621564500,FP,218
1621564500,TP,29
1621564500,FN,89
1621564500,TN,3151
1621564501,FP,181
1621564501,TP,45
1621564501,FN,92
1621564501,TN,3087
1621564502,TN,3063
1621564502,FP,203
1621564502,TP,28
1621564502,FN,92
1621564503,TN,3065
1621564503,FP,223
1621564503,TP,35
1621564503,FN,112
1621564504,TN,3097
1621564504,FP,213
1621564504,TP,35
1621564504,FN,98
1621564505,TN,3042
1621564505,TP,36
1621564505,FP,196
1621564505,FN,98
1621564506,TN,3117
1621564506,FP,200
1621564506,TP,34
1621564506,FN,93
1621564507,TN,3143
1621564507,TP,44
1621564507,FP,206
1621564507,FN,93
1621564508,TN,3098
1621564508,TP,34
1621564508,FP,191
1621564508,FN,88
1621564509,TN,3088
1621564509,FP,200
1621564509,TP,31
1621564509,FN,89
1621564510,TN,3123
1621564510,TP,33
1621564510,FP,227
1621564510,FN,120
1621564511,TN,3094
1621564511,TP,28
1621564511,FP,208
1621564511,FN,107
1621564512,TN,3120
1621564512,FP,212
1621564512,TP,39
1621564512,FN,86
1621564513,TN,3158
1621564513,FP,203
1621564513,TP,43
1621564513,FN,91
1621564514,FN,101
1621564514,TN,3087
1621564514,FP,208
1621564514,TP,35
1621564515,FN,87
1621564515,TN,3050
1621564515,FP,228
1621564515,TP,43
1621564516,FN,96
1621564516,TN,3215
1621564516,FP,208
1621564516,TP,26
1621564517,FN,117
1621564517,TN,3175
1621564517,FP,224
1621564517,TP,30
1621564518,FN,86
1621564518,TN,3097
1621564518,FP,196
1621564518,TP,32
1621564519,FN,111
1621564519,TN,3122
1621564519,FP,204
1621564519,TP,24
1621564520,FN,102
1621564520,TN,3195
1621564520,FP,207
1621564520,TP,30
1621564521,FN,91
1621564521,TN,3072
1621564521,FP,198
1621564521,TP,34
1621564522,FN,108
1621564522,TN,3124
1621564522,FP,206
1621564522,TP,40
1621564523,FN,93
1621564523,TN,3196
1621564523,FP,229
1621564523,TP,36
1621564524,FN,120
1621564524,TN,3110
1621564524,FP,204
1621564524,TP,39
1621564525,FN,107
1621564525,TN,3074
1621564525,FP,208
1621564525,TP,38
1621564526,FN,100
1621564526,TN,3089
1621564526,FP,206
1621564526,TP,45
1621564527,FN,79
1621564527,TN,3132
1621564527,FP,265
1621564527,TP,28
1621564528,FN,107
1621564528,TN,3165
1621564528,FP,205
1621564528,TP,36
1621564529,FN,91
1621564529,TN,3141
1621564529,FP,214
1621564529,TP,40
1621564530,FN,104
1621564530,TN,3112
1621564530,TP,40
1621564530,FP,202
1621564531,FN,93
1621564531,TN,3118
1621564531,FP,210
1621564531,TP,30
1621564532,FN,114
1621564532,TN,3151
1621564532,FP,213
1621564532,TP,39
1621564533,FN,96
1621564533,TN,3070
1621564533,FP,208
1621564533,TP,37
1621564534,FN,107
1621564534,TN,3054
1621564534,FP,214
1621564534,TP,45
1621564535,FN,103
1621564535,TN,3135
1621564535,TP,36
1621564535,FP,208
1621564536,FN,115
1621564536,TN,3209
1621564536,FP,215
1621564536,TP,33
1621564537,FN,102
1621564537,TN,3195
1621564537,FP,211
1621564537,TP,32
1621564538,FN,89
1621564538,TN,3145
1621564538,FP,224
1621564538,TP,31
1621564539,FN,88
1621564539,TN,3197
1621564539,FP,223
1621564539,TP,42
1621564540,FN,103
1621564540,TN,3129
1621564540,FP,206
1621564540,TP,38
1621564541,FN,101
1621564541,TN,2970
1621564541,FP,222
1621564541,TP,30
1621564542,FN,100
1621564542,TN,3151
1621564542,FP,180
1621564542,TP,31
1621564543,FN,100
1621564543,TN,3108
1621564543,FP,202
1621564543,TP,37
1621564544,FN,83
1621564544,TN,3111
1621564544,FP,210
1621564544,TP,31
1621564545,FN,113
1621564545,TN,3214
1621564545,FP,223
1621564545,TP,45
1621564546,FN,83
1621564546,TN,3066
1621564546,FP,219
1621564546,TP,32
1621564547,FN,101
1621564547,TN,3165
1621564547,FP,214
1621564547,TP,30
1621564548,FN,94
1621564548,TN,3020
1621564548,FP,216
1621564548,TP,46
1621564549,FN,92
1621564549,TN,3077
1621564549,FP,211
1621564549,TP,32
1621564550,FN,100
1621564550,TN,3054
1621564550,FP,223
1621564550,TP,28
1621564551,FN,100
1621564551,TN,3208
1621564551,FP,204
1621564551,TP,28
1621564552,FN,79
1621564552,TN,3096
1621564552,FP,231
1621564552,TP,34
1621564553,FN,94
1621564553,TN,3248
1621564553,FP,237
1621564553,TP,49
1621564554,FN,85
1621564554,TN,3120
1621564554,FP,237
1621564554,TP,22
1621564555,FN,112
1621564555,TN,3115
1621564555,TP,31
1621564555,FP,196
1621564556,FN,98
1621564556,TN,3181
1621564556,FP,234
1621564556,TP,41
1621564557,FN,95
1621564557,TN,3255
1621564557,TP,38
1621564557,FP,204
1621564558,FN,85
1621564558,TN,3081
1621564558,FP,193
1621564558,TP,39
1621564559,FN,113
1621564559,TN,3285
1621564559,TP,44
1621564559,FP,203
1621564560,FN,93
1621564560,TN,3054
1621564560,FP,193
1621564560,TP,35
1621564561,FN,99
1621564561,TN,3175
1621564561,FP,209
1621564561,TP,29
1621564562,FN,102
1621564562,TN,3189
1621564562,FP,236
1621564562,TP,37
1621564563,FN,111
1621564563,FP,203
1621564563,TP,26
1621564563,TN,3120
1621564564,FN,108
1621564564,FP,218
1621564564,TP,36
1621564564,TN,3099
1621564565,FN,97
1621564565,FP,235
1621564565,TP,33
1621564565,TN,3122
1621564566,FN,98
1621564566,FP,238
1621564566,TP,34
1621564566,TN,3051
